id,img,description_index
1,temp.png,0
2,temp_EyuGfM7.png,1
3,temp.png,0
4,temp.png,0
5,temp_rXCEeg1.png,1
6,temp_gQs4T1q.png,2
7,temp_LPmAGwJ.png,3
8,temp_bGesQm1.png,4
9,temp_n41FGeQ.png,5
10,temp.png,0
11,temp_XVsinup.png,1
12,temp_9CE6rCz.png,2
13,temp_Wu3u5BB.png,3
14,temp_i8TTwzE.png,4
18,temp.png,0
19,temp_GCOAwvH.png,1
20,temp.png,0
21,temp_6GdAOm8.png,1
22,temp_iufOTJF.png,2
23,temp.png,0
24,temp_bmrItaQ.png,1
25,temp_oVmABWM.png,2
26,temp.png,0
27,temp_hVrIPMG.png,1
28,temp.png,0
29,temp_LZg3Z59.png,1
30,temp_N2VxPM1.png,2
31,temp.png,0
32,temp.png,0
33,temp_r02T4zh.png,1
34,temp.png,0
35,temp.png,0
36,temp_IgQsHUp.png,1
37,temp.png,0
38,temp_PggeImb.png,1
39,temp_LFR7IDf.png,2
40,temp.png,0
41,temp_PR3XThF.png,1
42,temp_osmRhSd.png,2
43,temp.png,0
44,temp_RInNaHT.png,1
45,temp.png,0
46,temp_B5uMN5z.png,1
47,temp.png,0
48,temp_LxQXzux.png,1
49,temp_2Z9cHaQ.png,2
50,temp.png,0
51,temp_xBV3675.png,1
52,temp_Z0I33qb.png,2
53,temp.png,0
54,temp_NJQh4XL.png,1
55,temp.png,0
56,temp_nrUOrJ9.png,1
57,temp_q8Cj49Z.png,2
58,temp.png,0
59,temp_Ehj3U4X.png,1
60,temp.png,0
61,temp_QWnvuTY.png,1
62,temp.png,0
63,temp_6mxgOhx.png,1
64,temp_z06GDHO.png,2
65,temp.png,0
66,temp_komKTWK.png,1
67,temp.png,0
68,temp_w5BVKnw.png,1
69,temp.png,0
70,temp_f8aUDhK.png,1
71,temp_5aeFLy8.png,2
72,temp_vQKhqrE.png,3
73,temp.png,0
74,temp_LDl4pdn.png,1
75,temp_n5taorl.png,2
76,temp.png,0
77,temp_gyK0h3h.png,1
78,temp_B7yzO1O.png,2
79,temp.png,0
80,temp_IT0s6EN.png,1
81,temp_XwrK4z6.png,2
82,temp.png,0
83,temp.png,0
84,temp_XSjTSaz.png,1
85,temp_lSFv6Hy.png,2
86,temp.png,0
87,temp_4RPOjXl.png,1
88,temp_CziOxUN.png,2
89,temp.png,0
90,temp_3Ou1wN1.png,1
91,temp_rx6l8F6.png,2
92,temp.png,0
93,temp_s1O9sZX.png,1
94,temp.png,0
95,temp_LxBfsrt.png,1
96,temp_hojMTgz.png,2
97,temp.png,0
98,temp_JOVX2Ja.png,1
99,temp.png,0
100,temp_BH4NFud.png,1
101,temp.png,0
102,temp_7Aau8rf.png,1
103,temp_0JqOjuO.png,2
104,temp.png,0
105,temp_PfWjFRK.png,1
106,temp_WlLPpCn.png,2
107,temp.png,0
108,temp_op16bTa.png,1
109,temp_H78Z2Cx.png,2
110,temp.png,0
111,temp_c1fQ0ON.png,1
112,temp.png,0
113,temp_AYMw39y.png,1
114,temp_R0TBnUs.png,2
115,temp.png,0
116,temp_dx1IjLZ.png,1
117,temp_DL8Cm2t.png,2
118,temp.png,0
119,temp_CLRjjJV.png,1
120,temp_ExIYblT.png,2
121,temp.png,0
122,temp_U7yhEyi.png,1
123,temp.png,0
124,temp.png,0
125,temp_CfsfnPo.png,1
126,temp.png,0
127,temp_jaEleNz.png,1
128,temp.png,0
129,temp_TrTGqwf.png,1
130,temp_bzJ1Hy1.png,2
131,temp.png,0
132,temp_uJBzrSW.png,1
136,temp_7c1iMom.png,0
137,temp_s7qovFl.png,1
138,temp_rZMETMS.png,2
139,temp.png,0
140,temp_w3PdtqQ.png,1
141,temp_uOzH0A9.png,2
142,temp.png,0
143,temp_HTChcTd.png,1
144,temp_RnvdaLs.png,2
145,temp_QjvyH24.png,3
146,temp.png,0
147,temp_SuABX5C.png,1
148,temp_9JCvX5Q.png,2
149,temp.png,0
150,temp_qOwuhGg.png,1
151,temp_UJ6kr6c.png,2
152,temp_AIHpdgQ.png,3
153,temp_bEgWa3S.png,4
154,temp.png,0
155,temp_XgyAeMB.png,1
156,temp_4B3EWLt.png,2
157,temp.png,0
158,temp_aM016BM.png,1
159,temp_o56P0M9.png,2
160,temp_ytJPNjI.png,3
161,temp.png,0
162,temp_qPJwPn7.png,1
163,temp_cvqrZTN.png,2
164,temp.png,0
165,temp_HdRv3zv.png,1
166,temp_Ue2cRCH.png,2
167,temp_IUyvqj5.png,3
168,temp_Iws7dGr.png,4
169,temp.png,0
170,temp_Yn3Lt1U.png,1
171,temp_SP8k6ev.png,2
172,temp_Q8JE0Ab.png,3
173,temp.png,0
174,temp_JbRaEDJ.png,1
175,temp_u7qstIu.png,2
176,temp_LqJReKR.png,3
177,temp.png,0
178,temp_DhzgpJX.png,1
179,temp_d90IC55.png,2
180,temp_gy5xNZA.png,3
181,temp.png,0
182,temp_QcbSmoD.png,1
183,temp_TPbEllj.png,2
184,temp_Hw7dQqp.png,3
185,temp_dtjwvc4.png,4
186,temp.png,0
187,temp_NBTmvoP.png,1
188,temp_oUBSWsQ.png,2
189,temp_Q9wKDVf.png,3
190,temp.png,0
191,temp_aXShp46.png,1
192,temp_SOKXEaH.png,2
193,temp_eTk7vIk.png,3
194,temp.png,0
195,temp_MF0ocHY.png,1
196,temp_YDEtAgs.png,2
200,temp.png,0
201,temp_gj1ctOM.png,1
202,temp_q4bEiIR.png,2
203,temp_fagzqI6.png,3
204,temp_M8nsGog.png,0
205,temp_90YTefT.png,1
206,temp_CLOjNt2.png,2
214,temp.png,0
215,temp_Bk3LWoA.png,1
216,temp_qaxBX9v.png,2
217,temp.png,0
218,temp_a4O4hWx.png,1
219,temp_MDvV9lf.png,2
220,temp.png,0
221,temp_OxaQUtW.png,1
222,temp_AJ5lPrT.png,2
223,temp.png,0
224,temp_pY6c0mG.png,1
225,temp_imtEeJD.png,2
226,temp.png,0
227,temp_CHbG69G.png,1
228,temp_x1GIwKb.png,2
229,temp_AlElIvs.png,3
230,temp.png,0
231,temp_CwQkU6F.png,1
232,temp.png,0
233,temp_wjPYHfV.png,1
234,temp_c2g9nd4.png,2
235,temp.png,0
236,temp_JeFJx9Q.png,1
237,temp_lhq1q3Z.png,2
238,temp.png,0
239,temp_Iu7vNjm.png,1
240,temp_Zl1iwaI.png,2
241,temp.png,0
242,temp_5W1eif6.png,1
243,temp_cldqEWM.png,2
244,temp.png,0
245,temp_wibbe7G.png,1
246,temp_hWqhx0y.png,2
247,temp.png,0
248,temp_DANdaio.png,1
249,temp_eZAW1nA.png,2
250,temp.png,0
251,temp_eQSmSJO.png,1
252,temp_fJLgl8B.png,2
253,temp_siJKp6A.png,3
254,temp.png,0
255,temp_UK2N7d0.png,1
256,temp_4orts2O.png,2
257,temp.png,0
258,temp_kXfHC3k.png,1
259,temp.png,0
260,temp_a1OO8aP.png,1
261,temp_KTuCmlD.png,2
262,temp.png,0
263,temp_3Pz2BVa.png,1
264,temp_2vxQ2Rx.png,2
265,temp.png,0
266,temp_BNr8SRL.png,1
267,temp_zY5UaxW.png,2
268,temp.png,0
269,temp_k8OrK21.png,1
270,temp_HHJG5AP.png,2
271,temp_OrSzDCx.png,3
272,temp.png,0
273,temp_PIAjVBs.png,1
274,temp_rZ61Wsw.png,2
275,temp.png,0
276,temp_LCfkKzJ.png,1
277,temp.png,0
278,temp_YgW8hYI.png,1
279,temp_q3N1aJx.png,2
280,temp_6yuBMLl.png,3
281,temp.png,0
282,temp_UDxwxHV.png,1
283,temp_Bp0FYxp.png,2
284,temp.png,0
285,temp_CwPK2ug.png,1
286,temp_UpjkSNm.png,2
287,temp.png,0
288,temp_WNqulmG.png,1
289,temp.png,0
290,temp_yCDpiyJ.png,1
291,temp.png,0
292,temp_3e52X8R.png,1
293,temp_RfaoLXn.png,2
294,temp.png,0
295,temp_vg5q7B3.png,1
296,temp_I8q7ylm.png,2
299,temp_h2UUSam.png,0
300,temp_DZ1Z4dj.png,1
301,temp.png,0
302,temp_m5o3Hco.png,1
303,temp_h1DawYq.png,2
304,temp.png,0
305,temp_daKg9oN.png,1
306,temp_7agUJHI.png,2
307,temp.png,0
308,temp_lBj5AvR.png,1
309,temp.png,0
310,temp_SVILQah.png,1
311,temp.png,0
312,temp_hi12qhZ.png,1
317,temp_QMrnM7y.png,0
318,temp_cDfbuaz.png,1
319,temp_zUnRdhX.png,2
320,temp_RZxUJFI.png,3
321,temp.png,0
322,temp_SGDHLVx.png,1
323,temp_bVk7OaH.png,2
324,temp.png,0
325,temp_QyUDEna.png,1
326,temp_uRTnDD9.png,2
331,temp.png,0
332,temp_RLSKFPl.png,1
333,temp_YEoDjyx.png,2
334,temp_RwpJOCf.png,0
335,temp_gUU4ZPd.png,1
336,temp_li0YJ4o.png,2
337,temp_RZSKVS3.png,3
338,temp.png,0
339,temp_7cHjqfs.png,1
340,temp_ZqR8ACW.png,2
341,temp.png,0
342,temp_mpO3x9E.png,1
343,temp.png,0
344,temp_JCRNbrj.png,1
345,temp_qeShHy4.png,2
346,temp.png,0
347,temp_oMUATrM.png,1
348,temp_gZPvBlV.png,2
349,temp.png,0
350,temp_gBuJNRx.png,1
351,temp_eZm1Mkz.png,2
352,temp.png,0
353,temp_y6Gwbfv.png,1
354,temp_TaJ9x1F.png,2
355,temp.png,0
356,temp_cAe3N0X.png,1
357,temp_EFK0uAR.png,2
358,temp.png,0
359,temp_g9Ak1jE.png,1
360,temp_Y3F5L8S.png,2
361,temp.png,0
362,temp_T8iAVZr.png,1
363,temp_uCLGQwU.png,2
364,temp.png,0
365,temp_NyGnbuy.png,1
366,temp_1gHY1bp.png,2
367,temp_Dj3cp2Q.png,3
368,r_133u_14cnt_0.png,0
369,r_133u_14cnt_1.png,1
370,r_133u_14cnt_2.png,2
371,r_134u_14cnt_0.png,0
372,r_134u_14cnt_1.png,1
373,r_135u_14cnt_0.png,0
374,r_135u_14cnt_1.png,1
375,r_135u_14cnt_2.png,2
376,r_135u_14cnt_3.png,3
377,r_136u_14cnt_0.png,0
378,r_136u_14cnt_1.png,1
379,r_136u_14cnt_2.png,2
380,r_137u_14cnt_0.png,0
381,r_138u_14cnt_0.png,0
382,r_138u_14cnt_1.jpeg,1
383,r_138u_14cnt_2.png,2
384,r_138u_14cnt_3.png,3
385,r_139u_14cnt_0.png,0
386,r_139u_14cnt_1.png,1
387,r_139u_14cnt_2.png,2
388,r_140u_14cnt_0.jpeg,0
389,r_140u_14cnt_1.png,1
390,r_140u_14cnt_2.png,2
391,r_141u_14cnt_0.png,0
392,r_141u_14cnt_1.png,1
393,r_142u_14cnt_0.png,0
394,r_142u_14cnt_1.png,1
395,r_143u_14cnt_0.png,0
396,r_143u_14cnt_1.png,1
397,r_143u_14cnt_2.jpeg,2
398,r_143u_14cnt_3.png,3
403,r_145u_14cnt_0.png,0
404,r_145u_14cnt_1.png,1
405,r_146u_14cnt_0.png,0
406,r_146u_14cnt_1.png,1
407,r_147u_14cnt_0.png,0
408,r_147u_14cnt_1.png,1
409,r_147u_14cnt_2.png,2
410,r_148u_14cnt_0.png,0
411,r_148u_14cnt_1.png,1
412,r_149u_14cnt_0.png,0
413,r_149u_14cnt_1.png,1
414,r_149u_14cnt_2.png,2
415,r_150u_14cnt_0.png,0
416,r_150u_14cnt_1.png,1
417,r_150u_14cnt_2.png,2
418,r_150u_14cnt_3.png,3
419,r_151u_14cnt_0.png,0
420,r_151u_14cnt_1.png,1
421,r_151u_14cnt_2.png,2
422,r_151u_14cnt_3.png,3
423,r_151u_14cnt_4.png,4
424,r_152u_14cnt_0.png,0
425,r_152u_14cnt_1.png,1
426,r_152u_14cnt_2.png,2
427,r_152u_14cnt_3.png,3
428,r_152u_14cnt_4.png,4
429,r_153u_19cnt_0.png,0
430,r_153u_19cnt_1.png,1
431,r_153u_19cnt_2.png,2
432,r_154u_19cnt_0.png,0
433,r_154u_19cnt_1.png,1
434,r_154u_19cnt_2.png,2
435,r_155u_19cnt_0.png,0
436,r_155u_19cnt_1.png,1
437,r_155u_19cnt_2.png,2
438,r_156u_19cnt_0.png,0
439,r_156u_19cnt_1.png,1
440,r_156u_19cnt_2.png,2
441,r_157u_19cnt_0.png,0
442,r_157u_19cnt_1.png,1
443,r_157u_19cnt_2.png,2
444,r_158u_19cnt_0.png,0
445,r_158u_19cnt_1.png,1
446,r_158u_19cnt_2.png,2
447,r_159u_19cnt_0.png,0
448,r_159u_19cnt_1.png,1
449,r_160u_19cnt_0.png,0
450,r_160u_19cnt_1.png,1
451,r_160u_19cnt_2.png,2
452,r_161u_20cnt_0.png,0
453,r_161u_20cnt_1.png,1
454,r_161u_20cnt_2.png,2
455,r_162u_20cnt_0.png,0
456,r_162u_20cnt_1.png,1
457,r_162u_20cnt_2.png,2
458,r_163u_20cnt_0.png,0
459,r_163u_20cnt_1.png,1
460,r_163u_20cnt_2.png,2
461,r_164u_20cnt_0.png,0
462,r_164u_20cnt_1.png,1
463,r_164u_20cnt_2.png,2
464,r_165u_20cnt_0.png,0
465,r_165u_20cnt_1.png,1
466,r_165u_20cnt_2.png,2
467,r_166u_20cnt_0.png,0
468,r_166u_20cnt_1.png,1
469,r_166u_20cnt_2.png,2
470,r_167u_20cnt_0.png,0
471,r_167u_20cnt_1.png,1
472,r_167u_20cnt_2.png,2
473,r_168u_20cnt_0.png,0
474,r_168u_20cnt_1.png,1
475,r_168u_20cnt_2.png,2
476,r_169u_20cnt_0.png,0
477,r_169u_20cnt_1.png,1
478,r_169u_20cnt_2.png,2
479,r_170u_20cnt_0.png,0
480,r_170u_20cnt_1.png,1
481,r_170u_20cnt_2.png,2
482,temp_bAmbG6S.png,0
483,temp_Rm7pcH9.png,1
484,temp_xMv05EO.png,2
485,r_144u_14cnt_0.jpeg,0
486,r_144u_14cnt_1.jpeg,1
487,r_144u_14cnt_2.jpeg,2
488,r_144u_14cnt_3.jpeg,3
489,r_173u_39cnt_0.jpeg,0
490,r_83u_14cnt_0.png,0
491,temp_wGbrqEV.png,1
492,temp_9YqscHx.png,2
493,temp_vFGuXh7.png,3
494,temp_YFBXupN.png,4
495,temp_84dODiU.png,5
496,temp_sHDxErN.png,6
